{
    "accuracy": 0.935513169845595,
    "precision": 0.8294573643410853,
    "recall": 0.6858974358974359,
    "auc": 0.9073158323158323
}